strategy,episodes,success_rate,avg_steps,avg_max_force,avg_impulse,avg_jam_steps,avg_emergency_count,failure_counts
reactive,160,0.025,19.29375,104.54943896091339,76.1535392396237,7.4875,0.0,impulse:156
reasoner_guard,160,0.88125,13.75625,53.315292467492306,23.47399637097394,1.51875,1.45625,impulse:19
full_loop,160,0.9875,13.85,49.20509845392994,20.632681364596934,0.475,0.54375,impulse:2
